[
  {
    "name": "armor",
    "resource": "minecraft:generic.armor",
    "min": 0.0,
    "max": 30.0,
    "default": 0.0
  },
  {
    "name": "armorToughness",
    "resource": "minecraft:generic.armor_toughness",
    "min": 0.0,
    "max": 20.0,
    "default": 0.0
  },
  {
    "name": "attackDamage",
    "resource": "minecraft:generic.attack_damage",
    "min": 0.0,
    "max": 2048.0,
    "default": 2.0
  },
  {
    "name": "attackKnockback",
    "resource": "minecraft:generic.attack_knockback",
    "min": 0.0,
    "max": 5.0,
    "default": 0.0
  },
  {
    "name": "attackSpeed",
    "resource": "minecraft:generic.attack_speed",
    "min": 0.0,
    "max": 1024.0,
    "default": 4.0
  },
  {
    "name": "playerBlockBreakSpeed",
    "resource": "minecraft:player.block_break_speed",
    "min": 0.0,
    "max": 1024.0,
    "default": 1.0
  },
  {
    "name": "playerBlockInteractionRange",
    "resource": "minecraft:player.block_interaction_range",
    "min": 0.0,
    "max": 64.0,
    "default": 4.5
  },
  {
    "name": "burningTime",
    "resource": "minecraft:generic.burning_time",
    "min": 0.0,
    "max": 1024.0,
    "default": 1.0
  },
  {
    "name": "explosionKnockbackResistance",
    "resource": "minecraft:generic.explosion_knockback_resistance",
    "min": 0.0,
    "max": 1.0,
    "default": 0.0
  },
  {
    "name": "playerEntityInteractionRange",
    "resource": "minecraft:player.entity_interaction_range",
    "min": 0.0,
    "max": 64.0,
    "default": 3.0
  },
  {
    "name": "fallDamageMultiplier",
    "resource": "minecraft:generic.fall_damage_multiplier",
    "min": 0.0,
    "max": 100.0,
    "default": 1.0
  },
  {
    "name": "flyingSpeed",
    "resource": "minecraft:generic.flying_speed",
    "min": 0.0,
    "max": 1024.0,
    "default": 0.4
  },
  {
    "name": "followRange",
    "resource": "minecraft:generic.follow_range",
    "min": 0.0,
    "max": 2048.0,
    "default": 32.0
  },
  {
    "name": "gravity",
    "resource": "minecraft:generic.gravity",
    "min": -1.0,
    "max": 1.0,
    "default": 0.08
  },
  {
    "name": "jumpStrength",
    "resource": "minecraft:generic.jump_strength",
    "min": 0.0,
    "max": 32.0,
    "default": 0.41999998688697815
  },
  {
    "name": "knockbackResistance",
    "resource": "minecraft:generic.knockback_resistance",
    "min": 0.0,
    "max": 1.0,
    "default": 0.0
  },
  {
    "name": "luck",
    "resource": "minecraft:generic.luck",
    "min": -1024.0,
    "max": 1024.0,
    "default": 0.0
  },
  {
    "name": "maxAbsorption",
    "resource": "minecraft:generic.max_absorption",
    "min": 0.0,
    "max": 2048.0,
    "default": 0.0
  },
  {
    "name": "maxHealth",
    "resource": "minecraft:generic.max_health",
    "min": 1.0,
    "max": 1024.0,
    "default": 20.0
  },
  {
    "name": "playerMiningEfficiency",
    "resource": "minecraft:player.mining_efficiency",
    "min": 0.0,
    "max": 1024.0,
    "default": 0.0
  },
  {
    "name": "movementEfficiency",
    "resource": "minecraft:generic.movement_efficiency",
    "min": 0.0,
    "max": 1.0,
    "default": 0.0
  },
  {
    "name": "movementSpeed",
    "resource": "minecraft:generic.movement_speed",
    "min": 0.0,
    "max": 1024.0,
    "default": 0.7
  },
  {
    "name": "oxygenBonus",
    "resource": "minecraft:generic.oxygen_bonus",
    "min": 0.0,
    "max": 1024.0,
    "default": 0.0
  },
  {
    "name": "safeFallDistance",
    "resource": "minecraft:generic.safe_fall_distance",
    "min": -1024.0,
    "max": 1024.0,
    "default": 3.0
  },
  {
    "name": "scale",
    "resource": "minecraft:generic.scale",
    "min": 0.0625,
    "max": 16.0,
    "default": 1.0
  },
  {
    "name": "playerSneakingSpeed",
    "resource": "minecraft:player.sneaking_speed",
    "min": 0.0,
    "max": 1.0,
    "default": 0.3
  },
  {
    "name": "zombieSpawnReinforcements",
    "resource": "minecraft:zombie.spawn_reinforcements",
    "min": 0.0,
    "max": 1.0,
    "default": 0.0
  },
  {
    "name": "stepHeight",
    "resource": "minecraft:generic.step_height",
    "min": 0.0,
    "max": 10.0,
    "default": 0.6
  },
  {
    "name": "playerSubmergedMiningSpeed",
    "resource": "minecraft:player.submerged_mining_speed",
    "min": 0.0,
    "max": 20.0,
    "default": 0.2
  },
  {
    "name": "playerSweepingDamageRatio",
    "resource": "minecraft:player.sweeping_damage_ratio",
    "min": 0.0,
    "max": 1.0,
    "default": 0.0
  },
  {
    "name": "waterMovementEfficiency",
    "resource": "minecraft:generic.water_movement_efficiency",
    "min": 0.0,
    "max": 1.0,
    "default": 0.0
  }
]