[
  {
    "id": 800,
    "name": "apple",
    "stackSize": 64,
    "displayName": "Apple",
    "foodPoints": 4,
    "saturation": 2.4,
    "effectiveQuality": 6.4,
    "saturationRatio": 0.6
  },
  {
    "id": 849,
    "name": "mushroom_stew",
    "stackSize": 1,
    "displayName": "Mushroom Stew",
    "foodPoints": 6,
    "saturation": 7.2,
    "effectiveQuality": 13.2,
    "saturationRatio": 1.2
  },
  {
    "id": 855,
    "name": "bread",
    "stackSize": 64,
    "displayName": "Bread",
    "foodPoints": 5,
    "saturation": 6,
    "effectiveQuality": 11,
    "saturationRatio": 1.2
  },
  {
    "id": 881,
    "name": "porkchop",
    "stackSize": 64,
    "displayName": "Raw Porkchop",
    "foodPoints": 3,
    "saturation": 1.8,
    "effectiveQuality": 4.8,
    "saturationRatio": 0.6
  },
  {
    "id": 882,
    "name": "cooked_porkchop",
    "stackSize": 64,
    "displayName": "Cooked Porkchop",
    "foodPoints": 8,
    "saturation": 12.8,
    "effectiveQuality": 20.8,
    "saturationRatio": 1.6
  },
  {
    "id": 884,
    "name": "golden_apple",
    "stackSize": 64,
    "displayName": "Golden Apple",
    "foodPoints": 4,
    "saturation": 9.6,
    "effectiveQuality": 13.6,
    "saturationRatio": 2.4
  },
  {
    "id": 885,
    "name": "enchanted_golden_apple",
    "stackSize": 64,
    "displayName": "Enchanted Golden Apple",
    "foodPoints": 4,
    "saturation": 9.6,
    "effectiveQuality": 13.6,
    "saturationRatio": 2.4
  },
  {
    "id": 935,
    "name": "cod",
    "stackSize": 64,
    "displayName": "Raw Cod",
    "foodPoints": 2,
    "saturation": 0.4,
    "effectiveQuality": 2.4,
    "saturationRatio": 0.2
  },
  {
    "id": 936,
    "name": "salmon",
    "stackSize": 64,
    "displayName": "Raw Salmon",
    "foodPoints": 2,
    "saturation": 0.4,
    "effectiveQuality": 2.4,
    "saturationRatio": 0.2
  },
  {
    "id": 937,
    "name": "tropical_fish",
    "stackSize": 64,
    "displayName": "Tropical Fish",
    "foodPoints": 1,
    "saturation": 0.2,
    "effectiveQuality": 1.2,
    "saturationRatio": 0.2
  },
  {
    "id": 938,
    "name": "pufferfish",
    "stackSize": 64,
    "displayName": "Pufferfish",
    "foodPoints": 1,
    "saturation": 0.2,
    "effectiveQuality": 1.2,
    "saturationRatio": 0.2
  },
  {
    "id": 939,
    "name": "cooked_cod",
    "stackSize": 64,
    "displayName": "Cooked Cod",
    "foodPoints": 5,
    "saturation": 6,
    "effectiveQuality": 11,
    "saturationRatio": 1.2
  },
  {
    "id": 940,
    "name": "cooked_salmon",
    "stackSize": 64,
    "displayName": "Cooked Salmon",
    "foodPoints": 6,
    "saturation": 9.6,
    "effectiveQuality": 15.6,
    "saturationRatio": 1.6
  },
  {
    "id": 980,
    "name": "cookie",
    "stackSize": 64,
    "displayName": "Cookie",
    "foodPoints": 2,
    "saturation": 0.4,
    "effectiveQuality": 2.4,
    "saturationRatio": 0.2
  },
  {
    "id": 984,
    "name": "melon_slice",
    "stackSize": 64,
    "displayName": "Melon Slice",
    "foodPoints": 2,
    "saturation": 1.2,
    "effectiveQuality": 3.2,
    "saturationRatio": 0.6
  },
  {
    "id": 985,
    "name": "dried_kelp",
    "stackSize": 64,
    "displayName": "Dried Kelp",
    "foodPoints": 1,
    "saturation": 0.6,
    "effectiveQuality": 1.6,
    "saturationRatio": 0.6
  },
  {
    "id": 988,
    "name": "beef",
    "stackSize": 64,
    "displayName": "Raw Beef",
    "foodPoints": 3,
    "saturation": 1.8,
    "effectiveQuality": 4.8,
    "saturationRatio": 0.6
  },
  {
    "id": 989,
    "name": "cooked_beef",
    "stackSize": 64,
    "displayName": "Steak",
    "foodPoints": 8,
    "saturation": 12.8,
    "effectiveQuality": 20.8,
    "saturationRatio": 1.6
  },
  {
    "id": 990,
    "name": "chicken",
    "stackSize": 64,
    "displayName": "Raw Chicken",
    "foodPoints": 2,
    "saturation": 1.2,
    "effectiveQuality": 3.2,
    "saturationRatio": 0.6
  },
  {
    "id": 991,
    "name": "cooked_chicken",
    "stackSize": 64,
    "displayName": "Cooked Chicken",
    "foodPoints": 6,
    "saturation": 7.2,
    "effectiveQuality": 13.2,
    "saturationRatio": 1.2
  },
  {
    "id": 992,
    "name": "rotten_flesh",
    "stackSize": 64,
    "displayName": "Rotten Flesh",
    "foodPoints": 4,
    "saturation": 0.8,
    "effectiveQuality": 4.8,
    "saturationRatio": 0.2
  },
  {
    "id": 1000,
    "name": "spider_eye",
    "stackSize": 64,
    "displayName": "Spider Eye",
    "foodPoints": 2,
    "saturation": 3.2,
    "effectiveQuality": 5.2,
    "saturationRatio": 1.6
  },
  {
    "id": 1097,
    "name": "carrot",
    "stackSize": 64,
    "displayName": "Carrot",
    "foodPoints": 3,
    "saturation": 3.6,
    "effectiveQuality": 6.6,
    "saturationRatio": 1.2
  },
  {
    "id": 1098,
    "name": "potato",
    "stackSize": 64,
    "displayName": "Potato",
    "foodPoints": 1,
    "saturation": 0.6,
    "effectiveQuality": 1.6,
    "saturationRatio": 0.6
  },
  {
    "id": 1099,
    "name": "baked_potato",
    "stackSize": 64,
    "displayName": "Baked Potato",
    "foodPoints": 5,
    "saturation": 6,
    "effectiveQuality": 11,
    "saturationRatio": 1.2
  },
  {
    "id": 1100,
    "name": "poisonous_potato",
    "stackSize": 64,
    "displayName": "Poisonous Potato",
    "foodPoints": 2,
    "saturation": 1.2,
    "effectiveQuality": 3.2,
    "saturationRatio": 0.6
  },
  {
    "id": 1102,
    "name": "golden_carrot",
    "stackSize": 64,
    "displayName": "Golden Carrot",
    "foodPoints": 6,
    "saturation": 14.4,
    "effectiveQuality": 20.4,
    "saturationRatio": 2.4
  },
  {
    "id": 1111,
    "name": "pumpkin_pie",
    "stackSize": 64,
    "displayName": "Pumpkin Pie",
    "foodPoints": 8,
    "saturation": 4.8,
    "effectiveQuality": 12.8,
    "saturationRatio": 0.6
  },
  {
    "id": 1118,
    "name": "rabbit",
    "stackSize": 64,
    "displayName": "Raw Rabbit",
    "foodPoints": 3,
    "saturation": 1.8,
    "effectiveQuality": 4.8,
    "saturationRatio": 0.6
  },
  {
    "id": 1119,
    "name": "cooked_rabbit",
    "stackSize": 64,
    "displayName": "Cooked Rabbit",
    "foodPoints": 5,
    "saturation": 6,
    "effectiveQuality": 11,
    "saturationRatio": 1.2
  },
  {
    "id": 1120,
    "name": "rabbit_stew",
    "stackSize": 1,
    "displayName": "Rabbit Stew",
    "foodPoints": 10,
    "saturation": 12,
    "effectiveQuality": 22,
    "saturationRatio": 1.2
  },
  {
    "id": 1131,
    "name": "mutton",
    "stackSize": 64,
    "displayName": "Raw Mutton",
    "foodPoints": 2,
    "saturation": 1.2,
    "effectiveQuality": 3.2,
    "saturationRatio": 0.6
  },
  {
    "id": 1132,
    "name": "cooked_mutton",
    "stackSize": 64,
    "displayName": "Cooked Mutton",
    "foodPoints": 6,
    "saturation": 9.6,
    "effectiveQuality": 15.6,
    "saturationRatio": 1.6
  },
  {
    "id": 1150,
    "name": "chorus_fruit",
    "stackSize": 64,
    "displayName": "Chorus Fruit",
    "foodPoints": 4,
    "saturation": 2.4,
    "effectiveQuality": 6.4,
    "saturationRatio": 0.6
  },
  {
    "id": 1154,
    "name": "beetroot",
    "stackSize": 64,
    "displayName": "Beetroot",
    "foodPoints": 1,
    "saturation": 1.2,
    "effectiveQuality": 2.2,
    "saturationRatio": 1.2
  },
  {
    "id": 1156,
    "name": "beetroot_soup",
    "stackSize": 1,
    "displayName": "Beetroot Soup",
    "foodPoints": 6,
    "saturation": 7.2,
    "effectiveQuality": 13.2,
    "saturationRatio": 1.2
  },
  {
    "id": 1193,
    "name": "suspicious_stew",
    "stackSize": 1,
    "displayName": "Suspicious Stew",
    "foodPoints": 6,
    "saturation": 7.2,
    "effectiveQuality": 13.2,
    "saturationRatio": 1.2
  },
  {
    "id": 1216,
    "name": "sweet_berries",
    "stackSize": 64,
    "displayName": "Sweet Berries",
    "foodPoints": 2,
    "saturation": 0.4,
    "effectiveQuality": 2.4,
    "saturationRatio": 0.2
  },
  {
    "id": 1217,
    "name": "glow_berries",
    "stackSize": 64,
    "displayName": "Glow Berries",
    "foodPoints": 2,
    "saturation": 0.4,
    "effectiveQuality": 2.4,
    "saturationRatio": 0.2
  },
  {
    "id": 1224,
    "name": "honey_bottle",
    "stackSize": 16,
    "displayName": "Honey Bottle",
    "foodPoints": 6,
    "saturation": 1.2,
    "effectiveQuality": 7.2,
    "saturationRatio": 0.2
  },
  {
    "id": 1331,
    "name": "ominous_bottle",
    "stackSize": 64,
    "displayName": "Ominous Bottle",
    "foodPoints": 1,
    "saturation": 0.2,
    "effectiveQuality": 1.2,
    "saturationRatio": 0.2
  }
]